hora_salida_num,salidas,demanda_prom
6,5.2,0.8960000000000001
7,6.2,0.826
8,4.8,0.892
9,4.2,0.77
10,4.6,0.722
11,6.0,0.8539999999999999
12,4.8,0.844
13,7.4,0.784
14,4.4,0.77
15,5.6,0.828
16,4.8,0.7060000000000001
17,4.0,0.8039999999999999
18,2.6,0.796
19,5.6,0.8800000000000001
20,5.2,0.77
21,5.8,0.786
